bankBN,bankName
1,Zathin
2,Alphazap
3,Rank
4,Ronstring
5,Keylex
6,It
7,Overhold
8,Sonair
9,Bamity
10,Rank
11,Bigtax
12,Viva
13,Flowdesk
14,Matsoft
15,Tampflex
16,Span
17,Flexidy
18,Tempsoft
19,Zathin
20,Pannier
21,Bytecard
22,Fixflex
23,Lotstring
24,Sub-Ex
25,Tampflex
26,Duobam
27,Stringtough
28,Toughjoyfax
29,Tres-Zap
30,Y-Solowarm
31,Bigtax
32,Home Ing
33,Bigtax
34,Fintone
35,Tampflex
36,Flexidy
37,Tin
38,Cardguard
39,Voyatouch
40,Opela
41,Flexidy
42,Overhold
43,Redhold
44,Subin
45,Tresom
46,Zoolab
47,Tin
48,Redhold
49,Bigtax
50,Matsoft
51,Flexidy
52,Temp
53,Prodder
54,Job
55,Biodex
56,Zontrax
57,Temp
58,Opela
59,Voyatouch
60,Pannier
61,Veribet
62,Tin
63,Aerified
64,Konklab
65,Biodex
66,Fixflex
67,Treeflex
68,Gembucket
69,Latlux
70,Flowdesk
71,Span
72,Namfix
73,Tresom
74,Rank
75,Alpha
76,Stronghold
77,Keylex
78,Pannier
79,Zaam-Dox
80,Vagram
81,Andalax
82,Andalax
83,Veribet
84,Toughjoyfax
85,Lotlux
86,Lotstring
87,Stronghold
88,Flexidy
89,Zoolab
90,Holdlamis
91,Aerified
92,Asoka
93,Tresom
94,Sonsing
95,Span
96,Duobam
97,Fixflex
98,Cardify
99,Keylex
100,Regrant
101,Cardguard
102,Andalax
103,Flowdesk
104,Ventosanzap
105,Y-Solowarm
106,Flexidy
107,Sub-Ex
108,Sonair
109,Keylex
110,It
111,Greenlam
112,Zathin
113,Gembucket
114,Biodex
115,Redhold
116,Ventosanzap
117,Konklab
118,Sonair
119,Home Ing
120,Tin
121,Zathin
122,Konklux
123,Matsoft
124,Treeflex
125,Daltfresh
126,Wrapsafe
127,Flowdesk
128,Kanlam
129,Asoka
130,Veribet
131,Namfix
132,Flowdesk
133,Greenlam
134,Cookley
135,Biodex
136,Opela
137,Temp
138,Zathin
139,Temp
140,Vagram
141,Stim
142,Temp
143,Voltsillam
144,Sonsing
145,Sub-Ex
146,Voyatouch
147,Fixflex
148,Regrant
149,Stim
150,Zaam-Dox
151,Trippledex
152,Stringtough
153,Tres-Zap
154,Voyatouch
155,Transcof
156,Daltfresh
157,Opela
158,Kanlam
159,Konklux
160,Rank
161,Prodder
162,Stringtough
163,Solarbreeze
164,Rank
165,Fintone
166,Daltfresh
167,Sonair
168,It
169,Mat Lam Tam
170,Bitwolf
171,Bamity
172,Kanlam
173,Holdlamis
174,Opela
175,Aerified
176,Fixflex
177,Home Ing
178,Temp
179,Keylex
180,Keylex
181,Flexidy
182,Alphazap
183,Fixflex
184,Y-find
185,Y-find
186,Zathin
187,Prodder
188,Keylex
189,Rank
190,Tempsoft
191,Toughjoyfax
192,Namfix
193,Tin
194,Otcom
195,Zaam-Dox
196,Opela
197,Alphazap
198,Span
199,Home Ing
200,Subin
201,Sonsing
202,Fix San
203,Zontrax
204,Holdlamis
205,Namfix
206,Overhold
207,Subin
208,Otcom
209,Domainer
210,Subin
211,Cookley
212,Treeflex
213,Trippledex
214,Fixflex
215,Asoka
216,Ventosanzap
217,Wrapsafe
218,Alphazap
219,Stringtough
220,Andalax
221,Aerified
222,Subin
223,Sub-Ex
224,Matsoft
225,Redhold
226,Andalax
227,Fintone
228,Pannier
229,Opela
230,Span
231,Flowdesk
232,Quo Lux
233,Ventosanzap
234,Tampflex
235,Cardify
236,Greenlam
237,Quo Lux
238,Matsoft
239,Wrapsafe
240,Keylex
241,Cardguard
242,Lotlux
243,Ventosanzap
244,Mat Lam Tam
245,Andalax
246,Andalax
247,Lotstring
248,Stringtough
249,Temp
250,Daltfresh
251,Stringtough
252,Daltfresh
253,Rank
254,Zoolab
255,Sonsing
256,Biodex
257,Bitwolf
258,Redhold
259,Subin
260,Temp
261,Bamity
262,Y-Solowarm
263,Gembucket
264,Lotstring
265,Redhold
266,Konklux
267,Namfix
268,Alphazap
269,Zaam-Dox
270,Keylex
271,Voyatouch
272,Treeflex
273,Pannier
274,Alphazap
275,Bamity
276,Hatity
277,Zaam-Dox
278,Bamity
279,Tresom
280,Asoka
281,Konklab
282,Alphazap
283,Gembucket
284,Zamit
285,Viva
286,Pannier
287,Matsoft
288,Holdlamis
289,Mat Lam Tam
290,Bitchip
291,Lotlux
292,Zontrax
293,Zathin
294,Quo Lux
295,Cardify
296,Solarbreeze
297,Tampflex
298,Temp
299,Temp
300,Matsoft
301,Ronstring
302,Cardguard
303,Job
304,Regrant
305,Latlux
306,Prodder
307,Cookley
308,Tresom
309,Andalax
310,Cardguard
311,Sonair
312,Greenlam
313,Ronstring
314,Tampflex
315,Fixflex
316,Kanlam
317,Wrapsafe
318,Gembucket
319,Span
320,Zaam-Dox
321,Lotstring
322,Home Ing
323,Flowdesk
324,Stringtough
325,Matsoft
326,Domainer
327,Redhold
328,Pannier
329,Home Ing
330,Greenlam
331,Cookley
332,Fixflex
333,Bitchip
334,Tempsoft
335,Domainer
336,Wrapsafe
337,Tin
338,Zathin
339,Gembucket
340,Temp
341,Gembucket
342,Zoolab
343,Stronghold
344,Daltfresh
345,Regrant
346,Bytecard
347,Opela
348,Quo Lux
349,Toughjoyfax
350,Lotlux
351,Pannier
352,Bitwolf
353,Y-Solowarm
354,Vagram
355,Namfix
356,Vagram
357,Kanlam
358,Subin
359,Duobam
360,Duobam
361,Tin
362,Bamity
363,Voltsillam
364,Treeflex
365,Matsoft
366,Hatity
367,Lotstring
368,Veribet
369,Wrapsafe
370,It
371,Mat Lam Tam
372,Y-find
373,Holdlamis
374,Treeflex
375,Temp
376,Andalax
377,Bitchip
378,Kanlam
379,Fixflex
380,Greenlam
381,Overhold
382,Zoolab
383,Otcom
384,Aerified
385,Y-find
386,Span
387,Alphazap
388,Voyatouch
389,Matsoft
390,Keylex
391,Zaam-Dox
392,Aerified
393,Redhold
394,Cardify
395,Bamity
396,Greenlam
397,Subin
398,Zontrax
399,Otcom
400,Keylex
401,Tres-Zap
402,Overhold
403,Rank
404,Treeflex
405,Home Ing
406,Solarbreeze
407,Tempsoft
408,Kanlam
409,Stronghold
410,Voltsillam
411,Solarbreeze
412,Mat Lam Tam
413,Zathin
414,Namfix
415,Trippledex
416,Alpha
417,Greenlam
418,Bytecard
419,Namfix
420,Fintone
421,It
422,Bitchip
423,Flowdesk
424,Cardguard
425,Alpha
426,Mat Lam Tam
427,Lotstring
428,Y-Solowarm
429,Voyatouch
430,Voyatouch
431,Ventosanzap
432,Kanlam
433,Gembucket
434,Lotstring
435,Keylex
436,Tampflex
437,Asoka
438,Treeflex
439,Cookley
440,Ronstring
441,Fintone
442,Namfix
443,Trippledex
444,Ventosanzap
445,Voltsillam
446,Zoolab
447,Span
448,Matsoft
449,Tin
450,Prodder
451,Gembucket
452,Cardguard
453,Cookley
454,Tempsoft
455,Alphazap
456,Biodex
457,Bamity
458,Treeflex
459,Andalax
460,Cookley
461,Mat Lam Tam
462,Bitchip
463,Quo Lux
464,Voltsillam
465,Asoka
466,Asoka
467,Flexidy
468,Treeflex
469,Holdlamis
470,Stim
471,Sonair
472,Bytecard
473,Zamit
474,Y-find
475,Voltsillam
476,Fintone
477,Hatity
478,Temp
479,Gembucket
480,Overhold
481,Voyatouch
482,Redhold
483,Tres-Zap
484,Aerified
485,Sonair
486,Regrant
487,Rank
488,Zontrax
489,Zontrax
490,Voyatouch
491,Lotlux
492,Mat Lam Tam
493,Aerified
494,Latlux
495,Redhold
496,Wrapsafe
497,Otcom
498,Konklux
499,It
500,Tin
