lenderAddress,lenderName,lenderBN,LenderMail,lenderPhone
33 Cherokee Street,Dinnie Casine,1,dcasine0@apache.org,4197484951
249 Hanson Parkway,Garnette Rominov,2,grominov1@chronoengine.com,9026233387
90344 Vernon Road,Dru Magwood,3,dmagwood2@google.ru,4762297957
712 Parkside Drive,Kay Rolance,4,krolance3@fc2.com,2359249481
20 School Circle,Thornton Kiehne,5,tkiehne4@mysql.com,3911971544
2322 Meadow Vale Parkway,Tami La Torre,6,tla5@senate.gov,2569042223
97 Chive Parkway,Barris Kinsman,7,bkinsman6@blogger.com,8972924450
42637 Kingsford Hill,Jerrilee Karran,8,jkarran7@histats.com,8308829022
527 Erie Street,Lanie Sallter,9,lsallter8@indiatimes.com,8915197460
7 Bultman Pass,Wright Guillain,10,wguillain9@wix.com,3418698337
6561 Stephen Place,Ethelin Dennerly,11,edennerlya@mediafire.com,4584901928
5 Mosinee Court,Stan Medina,12,smedinab@state.gov,9752085403
6433 Clove Park,Eugenia Boffey,13,eboffeyc@senate.gov,1555216492
7949 Northview Center,Haley Critchlow,14,hcritchlowd@wp.com,6425211189
821 Charing Cross Lane,Onfroi Fuzzard,15,ofuzzarde@buzzfeed.com,3521338087
4224 Lotheville Trail,Osbert Simmgen,16,osimmgenf@reddit.com,8056172712
84 Bartelt Circle,La verne Copestick,17,lverneg@chicagotribune.com,2716092491
76860 Haas Way,Lauraine Jeandin,18,ljeandinh@cornell.edu,2869821543
98 Lindbergh Road,Shanie Mosedale,19,smosedalei@abc.net.au,3716074795
8742 Quincy Avenue,Jaimie Kempshall,20,jkempshallj@multiply.com,9005253090
1977 Blaine Way,Monroe Stubbe,21,mstubbek@wisc.edu,8227840926
677 Blackbird Center,Teddy Binestead,22,tbinesteadl@cocolog-nifty.com,7029185115
13163 Ridgeview Park,Abner Feechan,23,afeechanm@gov.uk,5573057055
7 Prairieview Place,Marwin Cabrales,24,mcabralesn@house.gov,9853936394
83 Truax Place,Rianon Armit,25,rarmito@comsenz.com,6064402924
1 Continental Drive,Massimiliano Siene,26,msienep@creativecommons.org,5912053335
2763 Saint Paul Street,Regine Bamlet,27,rbamletq@ebay.co.uk,2714663962
2 Roxbury Pass,Zorine Boow,28,zboowr@guardian.co.uk,5119820828
04559 Sugar Parkway,Carolann Dockray,29,cdockrays@comcast.net,7914833012
893 Granby Place,Billy Rupel,30,brupelt@home.pl,3796093929
1668 Oxford Alley,Ole Gadd,31,ogaddu@ustream.tv,7517613184
4500 Oneill Avenue,Terrel Bartosinski,32,tbartosinskiv@foxnews.com,4998613172
1068 Killdeer Drive,Lucita Summerton,33,lsummertonw@yellowpages.com,9864484267
52 Melvin Place,Jacquelin holmes,34,jholmesx@google.ca,7017916765
3816 Kingsford Park,Chevalier Hollows,35,chollowsy@dion.ne.jp,2139436119
55987 Gulseth Circle,Emmett Snowdon,36,esnowdonz@a8.net,4696363880
324 Vermont Pass,Hasty Potier,37,hpotier10@ovh.net,1753730732
4944 Ryan Hill,Rafi Emmison,38,remmison11@state.tx.us,9599805619
130 Swallow Plaza,Tiler Beig,39,tbeig12@washingtonpost.com,7582572216
13 Washington Pass,Louie McGrory,40,lmcgrory13@thetimes.co.uk,1267336357
3509 Nelson Alley,Alexia Giacomo,41,agiacomo14@hao123.com,5363029596
41331 Stone Corner Plaza,Fleur Faulconer,42,ffaulconer15@miitbeian.gov.cn,5922745318
30296 Maple Wood Lane,Lane Pelcheur,43,lpelcheur16@yahoo.co.jp,6414666681
70031 Westerfield Pass,Loy Ritchman,44,lritchman17@typepad.com,1741711456
5 Gale Junction,Johnette Ealam,45,jealam18@vistaprint.com,8027869311
2 Fairview Way,Mel Dowsey,46,mdowsey19@fema.gov,4324664060
7 Pierstorff Way,Bibby Sampson,47,bsampson1a@list-manage.com,7775271162
31 Bartelt Park,Lizabeth Stanistrete,48,lstanistrete1b@unc.edu,7062681767
501 Loeprich Trail,Ellynn Pocklington,49,epocklington1c@nydailynews.com,7856993950
2 Morningstar Way,Aarika Firmage,50,afirmage1d@ow.ly,8753523482
9 Eagle Crest Lane,Trueman Prandoni,51,tprandoni1e@home.pl,7772923874
02 7th Park,Travis Rollitt,52,trollitt1f@cbsnews.com,7465138945
7658 Fisk Trail,Sayer Penella,53,spenella1g@fastcompany.com,9813249072
639 Ludington Parkway,Mylo Ughi,54,mughi1h@princeton.edu,4414766900
462 Redwing Circle,Merry Gooch,55,mgooch1i@fema.gov,5836759426
71229 Hazelcrest Point,Tera MacBarron,56,tmacbarron1j@furl.net,9533028227
2252 Mallard Center,Gloria Wilkowski,57,gwilkowski1k@cam.ac.uk,9941646765
12 Declaration Court,Perkin Vlasyev,58,pvlasyev1l@smh.com.au,3065001225
9242 Independence Way,Glennie Wahner,59,gwahner1m@cafepress.com,5439905838
4 Golf Crossing,Keely Gergolet,60,kgergolet1n@chronoengine.com,9559394586
160 Lakewood Gardens Pass,Rhodia Hubert,61,rhubert1o@dyndns.org,8046973848
3 Tony Plaza,Hurlee Vannar,62,hvannar1p@state.tx.us,2037004022
2 Aberg Park,Herrick Meriel,63,hmeriel1q@tinypic.com,7219766709
18 Forest Dale Alley,Nevin Chisnell,64,nchisnell1r@e-recht24.de,8978855223
02552 3rd Hill,Trenna Bagnal,65,tbagnal1s@naver.com,9725339085
129 Tomscot Road,Valentia Alphonso,66,valphonso1t@mapy.cz,5161032719
178 Fulton Avenue,Stephannie Moehle,67,smoehle1u@epa.gov,2908352540
1288 Starling Road,Arlana Lowde,68,alowde1v@nifty.com,7418069126
7117 Corscot Circle,Eliot Burkin,69,eburkin1w@spotify.com,2711176530
49118 Jackson Plaza,Brandice Ottley,70,bottley1x@skype.com,6226190071
0396 Shelley Point,Jere Hinken,71,jhinken1y@netscape.com,4437323917
59999 Mesta Park,Bartolomeo Houldcroft,72,bhouldcroft1z@devhub.com,2334068580
0 Sugar Road,Artus Ferreo,73,aferreo20@intel.com,8222223878
30962 Mesta Road,Shell Bernhard,74,sbernhard21@noaa.gov,8307037698
921 Park Meadow Circle,Roldan Fleckno,75,rfleckno22@cam.ac.uk,5628136241
35 Homewood Lane,Daisi Riding,76,driding23@squidoo.com,7912680115
550 Pankratz Parkway,Esme Shildrake,77,eshildrake24@theatlantic.com,4608085935
7324 Texas Terrace,Jermaine Trolley,78,jtrolley25@cnn.com,3903292024
3397 Lindbergh Crossing,Sunny Crowth,79,scrowth26@unblog.fr,3091696400
35015 Gale Park,Vally Swayne,80,vswayne27@oracle.com,4993559930
60521 Ilene Road,Lay Caillou,81,lcaillou28@pen.io,2242651089
97134 Holmberg Center,Ignaz Janikowski,82,ijanikowski29@sakura.ne.jp,2656018421
08 Erie Plaza,Shannan Shugg,83,sshugg2a@adobe.com,9613507661
2 Spaight Court,Colman Gillian,84,cgillian2b@woothemes.com,3573222869
46 Pepper Wood Hill,Sayre Leedal,85,sleedal2c@washington.edu,4701538384
53475 Manufacturers Lane,Killian Connar,86,kconnar2d@ox.ac.uk,9795525843
198 Logan Hill,Betteanne McCotter,87,bmccotter2e@engadget.com,4577115660
2724 Golf Trail,Corabel Goodhand,88,cgoodhand2f@walmart.com,2616400208
72890 Fairfield Court,Karita Walpole,89,kwalpole2g@networkadvertising.org,5063298795
3 Arrowood Trail,Ericha Loraine,90,eloraine2h@google.com,8558369232
47840 Lukken Way,April Giffaut,91,agiffaut2i@unesco.org,5841425297
84 Hoffman Court,Olimpia Garrow,92,ogarrow2j@youtu.be,2439513244
17 Meadow Ridge Road,Gannon Chestnut,93,gchestnut2k@digg.com,6021255297
9573 Quincy Hill,Minda Ivanonko,94,mivanonko2l@cargocollective.com,3038390953
26 Debs Court,Gibby Seacombe,95,gseacombe2m@biblegateway.com,9497711771
34190 Fisk Alley,Paulie Soitoux,96,psoitoux2n@a8.net,1585353208
04 2nd Crossing,Amitie Basketter,97,abasketter2o@gravatar.com,5475816851
9045 Vidon Court,Cassius Dearlove,98,cdearlove2p@alexa.com,5118043094
18 Hoard Alley,Grace Hales,99,ghales2q@mashable.com,1595027736
93 Hudson Parkway,Abra Cleyne,100,acleyne2r@blogtalkradio.com,6903897732
14880 Annamark Circle,Devondra Walklett,101,dwalklett2s@archive.org,6194058024
72660 Eastwood Point,Jobina Garron,102,jgarron2t@china.com.cn,5602381574
218 Ilene Hill,Creighton Doles,103,cdoles2u@tamu.edu,6119973324
1837 Novick Drive,Adella Reid,104,areid2v@storify.com,6208236786
706 Buena Vista Avenue,Sid Kolczynski,105,skolczynski2w@psu.edu,9333486522
4 Sunbrook Pass,Kimmy Semken,106,ksemken2x@creativecommons.org,5128390819
19 Waubesa Junction,Saxe Greig,107,sgreig2y@google.com.au,9016555815
61 Schlimgen Lane,Toby Piscot,108,tpiscot2z@networksolutions.com,4884701290
055 Jenna Plaza,Nikaniki Twycross,109,ntwycross30@creativecommons.org,4816152120
7 Thierer Hill,Jaclin McCosh,110,jmccosh31@live.com,4566691430
7 Dapin Drive,Ingemar Slyme,111,islyme32@cloudflare.com,8907559615
447 Melrose Drive,Kippy Carrington,112,kcarrington33@wisc.edu,1461306131
652 Maple Wood Hill,Barbey Panks,113,bpanks34@businessinsider.com,2486074037
2557 Mcguire Parkway,Guglielma Deppen,114,gdeppen35@huffingtonpost.com,4983654693
406 Manley Trail,Rene Girdlestone,115,rgirdlestone36@hugedomains.com,9196474968
74741 Petterle Plaza,Fee Gaishson,116,fgaishson37@nih.gov,7585569792
8348 Waywood Street,Kenna Moggan,117,kmoggan38@state.gov,6741985976
2728 Welch Point,Selby Minker,118,sminker39@yahoo.co.jp,8989362577
5984 Dapin Terrace,Breanne Goggey,119,bgoggey3a@netvibes.com,8257860006
5640 Brickson Park Court,Ceil Gibbett,120,cgibbett3b@walmart.com,8864527649
4508 Roth Road,Simeon Verryan,121,sverryan3c@jimdo.com,9935122413
532 Pierstorff Circle,Denyse Kane,122,dkane3d@sourceforge.net,2472448997
044 Trailsway Terrace,Trudi O'Day,123,today3e@drupal.org,9599323293
34767 Rusk Junction,Aurora Mellor,124,amellor3f@bbc.co.uk,3803543380
24 Larry Junction,Spence Godsafe,125,sgodsafe3g@elegantthemes.com,3305533731
1 Scofield Center,Suzie Titta,126,stitta3h@sun.com,1166631032
8 Corry Crossing,Erica Order,127,eorder3i@netvibes.com,7767750254
32230 Maple Wood Road,Polly Patriche,128,ppatriche3j@blog.com,4935196954
02 Golf Drive,Edie Trevan,129,etrevan3k@illinois.edu,9194687360
54 Tomscot Plaza,Ermentrude McCrystal,130,emccrystal3l@buzzfeed.com,3799041284
49 2nd Point,Edgardo Chevins,131,echevins3m@cam.ac.uk,9592348522
437 Welch Center,Arther Woolston,132,awoolston3n@nba.com,3447662644
05 Shoshone Park,Maxim Guynemer,133,mguynemer3o@dion.ne.jp,3245562104
2384 Sycamore Pass,Sissy Stannis,134,sstannis3p@meetup.com,3624031872
8 Northland Circle,Mick Alliker,135,malliker3q@google.com.hk,2297970144
4 Cardinal Street,Dolly Goldsbury,136,dgoldsbury3r@latimes.com,4286035748
3636 Gerald Circle,Erhart Machen,137,emachen3s@exblog.jp,4559394274
35814 Annamark Junction,Analise Prest,138,aprest3t@xing.com,6053929520
35952 Springview Road,Cairistiona Breming,139,cbreming3u@bbb.org,8282665636
147 Packers Circle,Lowe Bloss,140,lbloss3v@cafepress.com,3366754144
9759 Hallows Alley,Wendye Draude,141,wdraude3w@facebook.com,5166484379
49 Briar Crest Avenue,Raine Berford,142,rberford3x@pinterest.com,1102031659
6504 Washington Parkway,Aron Mandre,143,amandre3y@over-blog.com,9121352887
11 Pepper Wood Terrace,Gaelan Chivers,144,gchivers3z@oaic.gov.au,1206844462
63334 Sachtjen Center,Bernhard Gorsse,145,bgorsse40@ezinearticles.com,9441489556
70565 Riverside Place,Jedidiah Iacovo,146,jiacovo41@ycombinator.com,4309442715
8 Rutledge Junction,Anastassia Roebottom,147,aroebottom42@cnbc.com,5801508481
740 Hooker Center,Gan Tatchell,148,gtatchell43@nbcnews.com,9102728795
4518 Loeprich Way,Royce Grzelak,149,rgrzelak44@taobao.com,6263036629
07072 Hudson Road,Laraine Antognozzii,150,lantognozzii45@amazon.co.jp,4622093762
504 Manufacturers Terrace,Garvy Mendoza,151,gmendoza46@google.co.uk,8602437724
7 Bayside Park,Loralyn Pacitti,152,lpacitti47@intel.com,4183771070
42 Melby Pass,Birgitta Betteney,153,bbetteney48@lulu.com,3838495877
89 Walton Park,Loria Oldacres,154,loldacres49@yale.edu,2825027675
332 Lotheville Circle,Ranee Matevushev,155,rmatevushev4a@sina.com.cn,6737683224
32935 Union Circle,Svend Gunthorpe,156,sgunthorpe4b@spiegel.de,9202149622
4 Clarendon Place,Jarrod Pretty,157,jpretty4c@wikimedia.org,9229578372
454 Tomscot Point,Penrod Bundock,158,pbundock4d@jimdo.com,2941127462
5 Vera Avenue,Tiebout Gransden,159,tgransden4e@fotki.com,5095729852
79736 Hintze Plaza,Bethena Sieghard,160,bsieghard4f@independent.co.uk,9086968766
4 Eastlawn Court,Mile Sharma,161,msharma4g@cbc.ca,1399576863
479 Northridge Hill,Janos Missenden,162,jmissenden4h@blogtalkradio.com,3011132188
0 Anderson Avenue,Stanley Lumpkin,163,slumpkin4i@meetup.com,1797027498
51039 Kensington Street,Aubree Brockley,164,abrockley4j@icio.us,5607909002
1379 Toban Trail,Florella Honig,165,fhonig4k@cdc.gov,7008321408
3 Killdeer Avenue,Celine Jojic,166,cjojic4l@gmpg.org,4728051286
9 Meadow Ridge Plaza,Selle Kettlestringes,167,skettlestringes4m@biblegateway.com,6683332431
8 Mayfield Pass,Abramo Laible,168,alaible4n@google.it,8995361390
74 Brown Trail,Tabby Stove,169,tstove4o@unblog.fr,4391598167
5487 Shoshone Place,Shepard Bridger,170,sbridger4p@xing.com,8037582895
46220 Sachs Crossing,Rich Gunney,171,rgunney4q@google.com.au,3483811074
5569 Cottonwood Parkway,Cordy Hanny,172,channy4r@businessweek.com,4481471372
23065 Hansons Center,Carlee Dawidowsky,173,cdawidowsky4s@eventbrite.com,6165398339
66945 Southridge Road,Cozmo Bewshaw,174,cbewshaw4t@t-online.de,9754896599
703 Union Street,Brandie Placstone,175,bplacstone4u@sohu.com,6656216048
6208 American Ash Court,Bernie Southby,176,bsouthby4v@homestead.com,4612477109
2864 Esch Crossing,Justus Bonwell,177,jbonwell4w@theatlantic.com,6992679243
24916 Namekagon Terrace,Frederique Spieck,178,fspieck4x@sciencedirect.com,2788255060
8181 Doe Crossing Place,Penelope Ehrat,179,pehrat4y@barnesandnoble.com,5119841317
6 2nd Center,Barn Brocket,180,bbrocket4z@nbcnews.com,4084816841
9015 Chive Street,Alfonso Crankshaw,181,acrankshaw50@mashable.com,2244412968
912 Washington Point,Vic Gerald,182,vgerald51@ucoz.ru,9556095330
077 Shoshone Lane,Aldis Dingley,183,adingley52@mlb.com,3731307868
7 Huxley Junction,Jacky Crowcher,184,jcrowcher53@sun.com,2174783066
77 Mcguire Terrace,Nita Casino,185,ncasino54@theatlantic.com,3345949940
000 Fuller Point,Marianna Henricsson,186,mhenricsson55@nymag.com,2169511110
74 Red Cloud Street,Yolanda Isselee,187,yisselee56@bigcartel.com,6813822288
154 Jackson Junction,Brnaby Emmatt,188,bemmatt57@51.la,5554083798
9 Main Center,Allyce Tivolier,189,ativolier58@exblog.jp,7632919895
0440 David Drive,Tine Ziehm,190,tziehm59@storify.com,5023348203
2555 Harbort Crossing,Harry Moncrieffe,191,hmoncrieffe5a@oracle.com,3029183343
0397 Clemons Place,Reinhold Schwier,192,rschwier5b@un.org,7584040689
4 Dryden Hill,Carena Dellatorre,193,cdellatorre5c@discuz.net,6609512776
419 Eastwood Street,Salmon Martino,194,smartino5d@cpanel.net,7781808630
67473 Miller Street,Noak MacElane,195,nmacelane5e@wired.com,9748155555
45 Loomis Alley,Uri Coulling,196,ucoulling5f@salon.com,6753851663
8 Lake View Road,Giustino Friel,197,gfriel5g@hhs.gov,2289921888
3 International Court,Marita Kegg,198,mkegg5h@twitter.com,2254885983
546 Glacier Hill Plaza,Turner Handscomb,199,thandscomb5i@zimbio.com,8061625992
50085 Pankratz Alley,Slade Huggett,200,shuggett5j@sfgate.com,7868601164
95 Dennis Drive,Shauna Bussen,201,sbussen5k@bloglines.com,7468921873
580 Scott Way,Catlin Sinclar,202,csinclar5l@mozilla.com,8261216063
47765 Main Lane,Atlanta Riditch,203,ariditch5m@toplist.cz,9328795672
6851 Mcguire Lane,Car Girdlestone,204,cgirdlestone5n@wsj.com,7342637347
80 Longview Trail,Verene Haskett,205,vhaskett5o@pbs.org,8476966196
690 Fulton Way,Gracia Ellif,206,gellif5p@clickbank.net,5794883513
119 Gale Way,Evania Kivell,207,ekivell5q@eepurl.com,3395466864
2 Myrtle Terrace,Lia Leist,208,lleist5r@mac.com,1221051102
15 Pearson Hill,Carroll McAlarney,209,cmcalarney5s@linkedin.com,1778090914
573 Nancy Park,Cristine Juara,210,cjuara5t@e-recht24.de,9506923307
7 Center Circle,Catie Dondon,211,cdondon5u@engadget.com,9167384685
147 Northwestern Circle,Fleur Clemenson,212,fclemenson5v@wikia.com,2031072212
799 Kropf Terrace,Phelia McAlees,213,pmcalees5w@newsvine.com,6212522616
427 Melvin Plaza,Sharai Feavyour,214,sfeavyour5x@economist.com,4632230296
1075 Logan Lane,Krisha Stringman,215,kstringman5y@squarespace.com,9886900157
8739 Jackson Plaza,Harmonia Hadgraft,216,hhadgraft5z@mail.ru,5613378052
72844 Melody Pass,Aldrich Ferrick,217,aferrick60@ezinearticles.com,8767920753
0 Steensland Parkway,Dorisa Johnston,218,djohnston61@washington.edu,8904946279
69 Pawling Place,Malissa Halm,219,mhalm62@hp.com,2414157550
9901 Fordem Circle,Mimi Corn,220,mcorn63@mayoclinic.com,5441835003
877 Elmside Park,Carena Gurwood,221,cgurwood64@behance.net,1685243303
14 Veith Alley,Cosette Fillgate,222,cfillgate65@soup.io,3964074022
49301 Melby Crossing,Sibyl Thumim,223,sthumim66@blinklist.com,1744458673
3757 Westerfield Road,Broddie Abbess,224,babbess67@1688.com,3394943222
166 Walton Plaza,Di Fawckner,225,dfawckner68@bing.com,8802644843
05905 Forest Dale Parkway,Nananne Musterd,226,nmusterd69@slashdot.org,8843412116
56553 Clemons Junction,Rhys Mabe,227,rmabe6a@gravatar.com,8846329375
0390 Corben Crossing,Rinaldo MacLure,228,rmaclure6b@unblog.fr,8464183441
81 Graceland Crossing,Elmore Tinniswood,229,etinniswood6c@slashdot.org,8589750719
67013 Meadow Valley Circle,Wit Beament,230,wbeament6d@artisteer.com,8729555557
35072 Jackson Plaza,Iseabal Pikhno,231,ipikhno6e@reference.com,1591826714
2 Meadow Valley Hill,Harriot Stainton,232,hstainton6f@nih.gov,6836391116
3743 Fisk Street,Goddart Grasha,233,ggrasha6g@va.gov,6211262691
99513 Loftsgordon Trail,Gillan Mullinder,234,gmullinder6h@xinhuanet.com,3877992639
06827 Prairieview Alley,Corilla Smees,235,csmees6i@dell.com,1933352074
9 Packers Plaza,Cosette Cotesford,236,ccotesford6j@pinterest.com,2329147782
874 Truax Alley,Noel Loveridge,237,nloveridge6k@ted.com,3051877069
49 East Street,Gustav Luard,238,gluard6l@furl.net,1271507618
40294 Lunder Drive,Kerrie Axten,239,kaxten6m@wsj.com,5202797338
87812 Claremont Park,Sandra Ramsted,240,sramsted6n@trellian.com,5862401497
196 Center Alley,Maribeth Ida,241,mida6o@harvard.edu,5978228886
82 Texas Parkway,Marchall Iannuzzelli,242,miannuzzelli6p@networksolutions.com,4481227241
7963 Hazelcrest Alley,Chadwick Benedito,243,cbenedito6q@oracle.com,4422687737
304 Union Street,Hollie Eckh,244,heckh6r@sakura.ne.jp,2548305731
399 Mandrake Point,Gerrilee Herkess,245,gherkess6s@last.fm,3185260479
9810 Dapin Crossing,Genny Cato,246,gcato6t@oracle.com,2319481545
4 Golf View Pass,Pattin Ormistone,247,pormistone6u@wufoo.com,5172659266
8506 Carpenter Road,Vonni Shouler,248,vshouler6v@census.gov,1347129067
16 Kedzie Lane,Hal Gumby,249,hgumby6w@zdnet.com,6845282813
2538 Hudson Point,Patience Burghill,250,pburghill6x@boston.com,3432879897
6844 Manufacturers Circle,Isidor Scawton,251,iscawton6y@wordpress.org,6133636555
01 La Follette Center,Bendick Dible,252,bdible6z@csmonitor.com,7301235010
9 Riverside Terrace,Gerek Maunder,253,gmaunder70@istockphoto.com,8995069313
3 Moland Center,Konstance Bromell,254,kbromell71@digg.com,4756218031
10 Green Ridge Terrace,Sven Musterd,255,smusterd72@archive.org,1497662426
7515 Schurz Parkway,Jay Davidowsky,256,jdavidowsky73@sciencedirect.com,1466344969
5 Memorial Pass,Isidro Georgelin,257,igeorgelin74@si.edu,3816262164
4226 North Road,Caitlin Breitler,258,cbreitler75@lulu.com,8867895360
67095 Center Crossing,Morse Froud,259,mfroud76@yolasite.com,1935225424
5692 Pierstorff Court,Ethelred Di Carli,260,edi77@virginia.edu,1939640143
0210 Riverside Trail,Cal Arlet,261,carlet78@cnbc.com,2872857334
66666 John Wall Park,Camellia Winters,262,cwinters79@virginia.edu,4166762319
2 7th Pass,Dory Leeves,263,dleeves7a@wikispaces.com,2345060768
61183 Mifflin Circle,Silvano Rickson,264,srickson7b@histats.com,7169876720
324 Randy Road,Ewan Spittle,265,espittle7c@cornell.edu,8339871464
0 Alpine Pass,Anthia Krier,266,akrier7d@trellian.com,1931236231
7916 Esch Lane,Berkley Flounders,267,bflounders7e@wikispaces.com,5118286419
579 Melody Way,Jilleen Phillott,268,jphillott7f@ask.com,5237469322
73597 Banding Plaza,Benedicta Taylder,269,btaylder7g@blog.com,7807874812
78 Upham Trail,Aleen Telling,270,atelling7h@icio.us,2167547418
3826 Oakridge Point,Leontyne Wickwar,271,lwickwar7i@ebay.com,3465355936
82370 Elgar Center,Ulysses Fabbri,272,ufabbri7j@123-reg.co.uk,6248958153
415 Main Park,Farleigh Valentinetti,273,fvalentinetti7k@jugem.jp,1923158143
162 Hansons Court,Kara Strettle,274,kstrettle7l@nydailynews.com,1322249822
479 Heffernan Place,Erie Patnelli,275,epatnelli7m@canalblog.com,1689890587
4 Service Court,Arabella Powdrell,276,apowdrell7n@arizona.edu,3454872627
54 Miller Hill,Ignatius Clementucci,277,iclementucci7o@tripadvisor.com,7171455360
34 Sutherland Trail,Sofie Filippozzi,278,sfilippozzi7p@psu.edu,2197022914
0447 Tomscot Way,Vachel Guiso,279,vguiso7q@google.de,2684237441
141 Crest Line Park,Sara-ann Lutsch,280,slutsch7r@eepurl.com,1461745183
9 Forest Run Alley,Willa Kroch,281,wkroch7s@studiopress.com,3273903951
88 Ludington Plaza,Wash Boshers,282,wboshers7t@comsenz.com,3745506590
9735 Oakridge Way,Dodie Castillou,283,dcastillou7u@hibu.com,9515149402
170 Sundown Court,Gregorio Guidera,284,gguidera7v@amazon.co.uk,8184656836
65784 Corscot Plaza,Lizzie Epton,285,lepton7w@hud.gov,8166892672
920 Oak Court,Patrizio Ringer,286,pringer7x@gmpg.org,6853458009
19 Kings Hill,Nari Raise,287,nraise7y@hugedomains.com,1271401775
45696 Monument Court,Hardy Boerder,288,hboerder7z@spiegel.de,2758653570
74 Northridge Way,Dredi Coat,289,dcoat80@constantcontact.com,1734454022
54 Scoville Pass,Gianna Soutter,290,gsoutter81@zimbio.com,9863607069
707 Arizona Terrace,Crysta Zanetello,291,czanetello82@diigo.com,7736859346
8 Declaration Alley,Alasteir Barfitt,292,abarfitt83@cdbaby.com,7814444367
43 Huxley Parkway,Yuma Arstingall,293,yarstingall84@skype.com,7649699466
3 Vahlen Park,Nancee Tappington,294,ntappington85@nymag.com,7305139040
0221 Sutherland Way,Stinky Iacoviello,295,siacoviello86@boston.com,1297154685
65288 Fulton Center,Cliff Mapston,296,cmapston87@uiuc.edu,1166768745
159 Pine View Circle,Gard Yetton,297,gyetton88@foxnews.com,2884257768
93283 Anderson Center,Ferrel Pamment,298,fpamment89@google.com,7111593196
47685 Green Parkway,Aleece Liversidge,299,aliversidge8a@apple.com,5148580376
40 Graedel Way,Murielle Barthrup,300,mbarthrup8b@comsenz.com,9476967425
6 Tennyson Avenue,Iormina Scholtis,301,ischoltis8c@sakura.ne.jp,8756480527
8 Florence Street,Aube Deverill,302,adeverill8d@imageshack.us,3947551893
89929 Jackson Parkway,Isabella Ruos,303,iruos8e@psu.edu,2288901961
318 Muir Place,Winifield Pires,304,wpires8f@gov.uk,1828278129
04 Gale Way,Shaylynn Oliveira,305,soliveira8g@nationalgeographic.com,9601241355
77543 Arapahoe Alley,Sue Vannah,306,svannah8h@cdbaby.com,4587004051
84 American Ash Plaza,Natalie Klimpt,307,nklimpt8i@boston.com,8335062367
306 Northridge Parkway,Konrad Aykroyd,308,kaykroyd8j@vk.com,6234888210
73077 Drewry Hill,Aldon Biner,309,abiner8k@amazon.de,5365917711
70849 8th Street,Matt Stuchbury,310,mstuchbury8l@youtu.be,6437325085
158 Chinook Junction,Micaela Corstorphine,311,mcorstorphine8m@sciencedaily.com,3965855029
641 Surrey Court,Orland Whittleton,312,owhittleton8n@photobucket.com,2544651357
5709 Grover Way,Jamie MacConnel,313,jmacconnel8o@blogtalkradio.com,5045997388
0 Declaration Lane,Myrwyn Marshal,314,mmarshal8p@hc360.com,5882984785
4 Havey Center,Feliks Rosedale,315,frosedale8q@stanford.edu,8021593625
8 Pierstorff Pass,Zaccaria Paice,316,zpaice8r@ask.com,1223311786
6 2nd Circle,Agnola Rollins,317,arollins8s@redcross.org,6869684737
7 Crest Line Plaza,Stearne Memmory,318,smemmory8t@bing.com,1504091450
7 Hintze Circle,Mira Domingues,319,mdomingues8u@desdev.cn,9862594475
47937 Johnson Drive,Dierdre Kruse,320,dkruse8v@adobe.com,3461890213
95 Washington Hill,Dan Udie,321,dudie8w@berkeley.edu,4004897132
0 Loomis Hill,Alonso Cleveland,322,acleveland8x@example.com,6665696209
4075 Springview Terrace,Rex Mithan,323,rmithan8y@ox.ac.uk,8599478137
7 Pleasure Road,Maritsa Cresser,324,mcresser8z@spiegel.de,7832120727
98 Esch Way,Nerte Afield,325,nafield90@wordpress.org,4558707220
7358 Ridge Oak Drive,De Rosenkranc,326,drosenkranc91@ehow.com,8322926902
0862 Vahlen Parkway,Kiele Dyott,327,kdyott92@forbes.com,2248881814
46835 Lake View Terrace,Garnette MacSharry,328,gmacsharry93@moonfruit.com,4102145177
80 Grayhawk Center,Amelina Oldershaw,329,aoldershaw94@wikispaces.com,8044343023
1 Lerdahl Junction,Shayne Howlin,330,showlin95@live.com,8462030496
010 Reinke Way,Karlan Feldmus,331,kfeldmus96@cdc.gov,8372814682
8602 Sutherland Junction,Neille Limbourne,332,nlimbourne97@vistaprint.com,7021200244
9322 Stone Corner Lane,Normy Evangelinos,333,nevangelinos98@github.com,4514220233
5 Monica Lane,Clemence Caudelier,334,ccaudelier99@soup.io,5838554569
7 Mayfield Plaza,Jerrold Phoenix,335,jphoenix9a@goo.ne.jp,1127595264
2 Calypso Plaza,Sibel Heddy,336,sheddy9b@joomla.org,7701309309
613 Dapin Avenue,Dorothee Jervoise,337,djervoise9c@netscape.com,2653607344
8842 Sunfield Center,Svend Harewood,338,sharewood9d@topsy.com,9168276749
640 Farragut Point,Karyl McAdam,339,kmcadam9e@mapy.cz,2008469995
0 Hayes Center,Chloette Bagg,340,cbagg9f@rambler.ru,4526743363
58 Ludington Plaza,Lynnell Piggens,341,lpiggens9g@techcrunch.com,6655185238
2044 1st Avenue,Gideon Birrell,342,gbirrell9h@tiny.cc,8944840163
0 Fairfield Street,Lyell Ubank,343,lubank9i@wordpress.org,2618227220
985 Bonner Hill,Farra Ducker,344,fducker9j@twitpic.com,3882750649
96864 Acker Circle,Sophia Couttes,345,scouttes9k@drupal.org,3583840148
986 Bartillon Lane,Aluino Twigley,346,atwigley9l@gravatar.com,6073153843
4326 1st Crossing,Joli Audenis,347,jaudenis9m@vkontakte.ru,7702275500
3931 Larry Crossing,Maximilian Lebond,348,mlebond9n@123-reg.co.uk,5713759188
4319 Summit Circle,Jonell Meaker,349,jmeaker9o@businessinsider.com,9079476534
635 Kropf Street,Drake Chedzoy,350,dchedzoy9p@mysql.com,9857020397
88871 Redwing Plaza,Shirlee Duplan,351,sduplan9q@java.com,7743641233
0367 Ludington Court,Analise Byer,352,abyer9r@theguardian.com,2677217979
6 Chinook Parkway,Essy Crooks,353,ecrooks9s@whitehouse.gov,4418187206
248 Manley Court,Correna Noen,354,cnoen9t@google.nl,6536535535
559 Mallory Drive,Louise Rugge,355,lrugge9u@addthis.com,1419306035
59058 Pleasure Park,Fernanda Kellet,356,fkellet9v@unc.edu,6267806288
31231 Mendota Place,Marilee Vaune,357,mvaune9w@cbc.ca,2184122910
5 Meadow Vale Center,Jillian Bartalini,358,jbartalini9x@sun.com,2437738381
720 Scofield Circle,Lacey Truder,359,ltruder9y@csmonitor.com,4969852708
696 Coolidge Terrace,Indira Lenard,360,ilenard9z@twitpic.com,1964711516
37588 Graedel Avenue,Stearne Buffey,361,sbuffeya0@theguardian.com,5482805100
14 Maywood Crossing,Lanie Draayer,362,ldraayera1@sciencedirect.com,8964764481
62832 Arizona Pass,Edeline Scutcheon,363,escutcheona2@exblog.jp,6956836082
74717 Westerfield Plaza,Josefa Widdowfield,364,jwiddowfielda3@infoseek.co.jp,2842280025
59 Bonner Drive,Stanfield Athelstan,365,sathelstana4@geocities.com,3806263124
9 Truax Parkway,Ardisj Cadigan,366,acadigana5@skyrock.com,1143433535
1 Fisk Point,Charlene Thackeray,367,cthackeraya6@amazon.co.jp,4842271952
23721 Manitowish Road,Ameline Hebble,368,ahebblea7@tinypic.com,5037584832
6 Onsgard Crossing,Gerri Paule,369,gpaulea8@ca.gov,8895107934
79220 Jenna Trail,Violette Desforges,370,vdesforgesa9@amazon.co.uk,8065389806
74322 Melrose Avenue,Lesya Hesse,371,lhesseaa@hostgator.com,9393549917
4033 Blue Bill Park Trail,Carie Durning,372,cdurningab@sciencedaily.com,6913890000
89451 American Pass,Titos Loynton,373,tloyntonac@bloomberg.com,1523801702
16331 Menomonie Terrace,Adelind Woodeson,374,awoodesonad@soup.io,9592786535
0651 Hansons Terrace,Florencia Hynes,375,fhynesae@nsw.gov.au,3135013509
9569 Summerview Junction,Codi Lilliman,376,clillimanaf@meetup.com,8745173533
2 Dayton Crossing,Toddie Kaye,377,tkayeag@businessweek.com,6052798637
04 Nelson Circle,Dennet Deniseau,378,ddeniseauah@globo.com,9903965770
8976 Lotheville Trail,Chev Dudenie,379,cdudenieai@quantcast.com,2073036213
3407 2nd Drive,Fifine Braun,380,fbraunaj@newyorker.com,7753049894
748 Knutson Way,Debra Wyldbore,381,dwyldboreak@umich.edu,7967351476
1 Maywood Hill,Federico Cast,382,fcastal@squidoo.com,3835185356
4071 Northview Parkway,Ernestine Batch,383,ebatcham@printfriendly.com,2629537546
03358 Grayhawk Court,Vladimir Hannen,384,vhannenan@storify.com,9011111911
944 Kenwood Hill,Lewes Brabyn,385,lbrabynao@netscape.com,8877573211
06983 New Castle Circle,Carolyne Surridge,386,csurridgeap@4shared.com,4232302292
25 Sutherland Avenue,Hewie Sibyllina,387,hsibyllinaaq@techcrunch.com,9515803601
2404 Waywood Parkway,Ivy McEwan,388,imcewanar@scribd.com,7048081141
60781 Cardinal Hill,Ardenia Sivill,389,asivillas@multiply.com,4663728557
183 Eastlawn Drive,Darci Hambleton,390,dhambletonat@mayoclinic.com,2623034634
39294 Village Road,Amandie Furmston,391,afurmstonau@google.it,5536512607
8624 Dunning Drive,Amitie Ivanchenkov,392,aivanchenkovav@si.edu,7733156733
57646 Raven Avenue,Misty Grigsby,393,mgrigsbyaw@rakuten.co.jp,8703654200
946 Golf Course Park,Ricoriki Senten,394,rsentenax@edublogs.org,9696420285
5924 Burrows Pass,Thea Fulbrook,395,tfulbrookay@moonfruit.com,6342544545
3 Springview Street,Kandy Howie,396,khowieaz@icio.us,7932435060
03 Hintze Terrace,Jacquie Scahill,397,jscahillb0@multiply.com,1549373929
4038 Waxwing Circle,Justino Jenkinson,398,jjenkinsonb1@biglobe.ne.jp,8017505794
56564 Dovetail Circle,Calypso Dagg,399,cdaggb2@netvibes.com,6821464607
54806 Algoma Alley,Brinn Brighouse,400,bbrighouseb3@indiatimes.com,1125244649
92322 Cardinal Place,Ashely Lindelof,401,alindelofb4@ehow.com,1237973118
53546 Summerview Lane,Herbie Merrell,402,hmerrellb5@rediff.com,2669008349
941 Hagan Alley,Uriel Charon,403,ucharonb6@nsw.gov.au,2714545360
06 Warner Trail,Miriam Grantham,404,mgranthamb7@creativecommons.org,4828546447
43 Cambridge Pass,Lauree Bengoechea,405,lbengoecheab8@google.ca,2026030698
90020 Butternut Point,Uriah Antonutti,406,uantonuttib9@godaddy.com,4225125337
556 Little Fleur Terrace,Selle Buxsey,407,sbuxseyba@technorati.com,8795842437
475 Mariners Cove Avenue,Wynny Shapland,408,wshaplandbb@yandex.ru,2323434376
5 Ridgeview Way,Charisse Helks,409,chelksbc@nba.com,1874462717
4 Vidon Point,Cordelie Sapshed,410,csapshedbd@cbsnews.com,1872176322
9375 Longview Junction,Hazel Eldred,411,heldredbe@chron.com,6211848851
683 Vermont Avenue,Skipton Demschke,412,sdemschkebf@youtu.be,5987907911
366 Eastwood Road,Reece Piccop,413,rpiccopbg@ed.gov,7111865857
1 Michigan Junction,Melisse Tatlow,414,mtatlowbh@forbes.com,8082045828
95897 Johnson Crossing,Elly Cano,415,ecanobi@europa.eu,1116386304
8 Namekagon Street,Yurik Muckle,416,ymucklebj@toplist.cz,7875934454
77 2nd Plaza,Paddie Tissiman,417,ptissimanbk@booking.com,6308982824
262 Lighthouse Bay Park,Garland Jolliff,418,gjolliffbl@vinaora.com,7383088969
4 Forest Dale Lane,Merrill Eastbrook,419,meastbrookbm@cbc.ca,8779480521
71142 Melby Parkway,Dyana Rosengarten,420,drosengartenbn@google.co.jp,9124740736
7528 Dayton Parkway,Jody Easby,421,jeasbybo@nps.gov,5406420426
0 Weeping Birch Lane,Caresa Prozillo,422,cprozillobp@yandex.ru,8151354647
6857 4th Trail,Reeta Abadam,423,rabadambq@cbc.ca,7276562854
7612 Sherman Park,Florencia Aldwich,424,faldwichbr@infoseek.co.jp,9373613886
45881 Heath Plaza,Cynthea Lamblot,425,clamblotbs@trellian.com,9846204521
58 Montana Terrace,Jena Castagna,426,jcastagnabt@patch.com,1854010617
4 Ohio Way,Ruby Helliar,427,rhelliarbu@moonfruit.com,5733029482
69074 Little Fleur Drive,Morris Tratton,428,mtrattonbv@bloglovin.com,3178108047
9902 Manley Park,Rory Colam,429,rcolambw@mac.com,9863657547
76 Scoville Park,Nixie Todarello,430,ntodarellobx@goodreads.com,8108572941
9478 Pankratz Street,Melvyn Whitehall,431,mwhitehallby@pinterest.com,2812046969
100 Manufacturers Center,Aurelea Dmych,432,admychbz@wikimedia.org,2704626199
0 Garrison Avenue,Brigida Foley,433,bfoleyc0@last.fm,5833495977
49 Clemons Court,Zonnya Perelli,434,zperellic1@vimeo.com,9345622939
44924 Schlimgen Circle,Knox Rekes,435,krekesc2@elpais.com,2551639117
78 Arizona Center,Mellisa Admans,436,madmansc3@simplemachines.org,5629691730
111 Bayside Street,Antonietta Jedras,437,ajedrasc4@pinterest.com,3174839265
89 Eggendart Park,Ortensia Willas,438,owillasc5@gmpg.org,2167232730
1 Farwell Drive,Reade Pardal,439,rpardalc6@ucsd.edu,1671481064
66108 Bunting Circle,Marga Comerford,440,mcomerfordc7@deliciousdays.com,6459981425
99 5th Alley,Chaim Wrettum,441,cwrettumc8@japanpost.jp,8482427940
1139 Eagan Lane,Jenn Cansdale,442,jcansdalec9@sohu.com,1879460933
5735 Clove Drive,Chrissie Rump,443,crumpca@tripod.com,9523333483
0 Hoffman Pass,Gregoire Rugieri,444,grugiericb@i2i.jp,6029668819
1 Ronald Regan Alley,Elisha Aprahamian,445,eaprahamiancc@soup.io,6275273036
8820 Sunbrook Hill,Lonee Godsil,446,lgodsilcd@aol.com,2525157549
2 Northwestern Circle,Susann Johantges,447,sjohantgesce@patch.com,7598025768
8 Evergreen Way,Maximilian Shepherdson,448,mshepherdsoncf@homestead.com,5157146539
0 Hauk Road,Pansie Ottery,449,potterycg@zimbio.com,6792553411
1 Melvin Court,Sileas Lernihan,450,slernihanch@shutterfly.com,6017924430
83024 Mayer Court,Albrecht Willock,451,awillockci@discovery.com,3418085803
320 Hallows Drive,Cornelle Jerwood,452,cjerwoodcj@nifty.com,5523011556
129 Continental Drive,Grier Kobsch,453,gkobschck@123-reg.co.uk,2265158028
9 Oxford Avenue,Woodman Wanley,454,wwanleycl@state.tx.us,4059637753
4 Mayfield Alley,Aigneis Seniour,455,aseniourcm@mozilla.com,5404088833
22 Westridge Way,Mavis Elloy,456,melloycn@answers.com,5193604531
7 Huxley Street,Chester Coghill,457,ccoghillco@acquirethisname.com,1959117661
9 Corscot Place,Christopher Sapsforde,458,csapsfordecp@multiply.com,8449786149
0306 Schmedeman Alley,Normand Ledeker,459,nledekercq@themeforest.net,9638207821
397 Kennedy Junction,Joli Battams,460,jbattamscr@gizmodo.com,9019060338
1357 Lukken Place,Reggie Choudhury,461,rchoudhurycs@github.io,5554741315
65 Sachs Alley,Lucais Guwer,462,lguwerct@telegraph.co.uk,9368513194
05 Sheridan Way,Annice Chatband,463,achatbandcu@wiley.com,3297766386
148 La Follette Circle,Gaile Izatson,464,gizatsoncv@whitehouse.gov,8483709273
2 Washington Park,Cecil Shiliton,465,cshilitoncw@usgs.gov,9657426093
7 Hintze Center,Lori Jovis,466,ljoviscx@posterous.com,7381807443
841 Harbort Way,Genevra Bailess,467,gbailesscy@slashdot.org,1176304470
0 Swallow Hill,Waiter Slimmon,468,wslimmoncz@go.com,9546166222
60176 Towne Terrace,Calla Byars,469,cbyarsd0@indiegogo.com,2991347041
561 Parkside Center,Austin Hovey,470,ahoveyd1@un.org,3652236644
14685 Commercial Pass,Barney Vallis,471,bvallisd2@slate.com,5995094576
2 Petterle Pass,Carma Jahnke,472,cjahnked3@hubpages.com,5651298992
2883 Bayside Circle,Emile Merrien,473,emerriend4@desdev.cn,1561966430
837 School Court,Mellie Gamon,474,mgamond5@trellian.com,8274289822
6 Hagan Center,Jody Lamberti,475,jlambertid6@timesonline.co.uk,7642860163
370 Ilene Alley,Caroljean Wahlberg,476,cwahlbergd7@scribd.com,9324682030
32175 Iowa Junction,Elfrieda Heining,477,eheiningd8@gravatar.com,2473447512
64043 Oxford Center,Kaiser Akenhead,478,kakenheadd9@rakuten.co.jp,4924815822
5 Haas Hill,Carce Lewin,479,clewinda@disqus.com,2974447806
58144 Hagan Park,Gay Blankley,480,gblankleydb@stumbleupon.com,2301875021
24882 Russell Junction,Marchelle Karchowski,481,mkarchowskidc@dmoz.org,8935774343
8288 Golf Course Court,Bogey Domeny,482,bdomenydd@google.ru,7478162103
742 Rutledge Point,Obidiah Fordyce,483,ofordycede@toplist.cz,7829577449
4 Little Fleur Alley,Natalee Windybank,484,nwindybankdf@twitter.com,5688857848
0 Burning Wood Hill,Maxwell Hathaway,485,mhathawaydg@washingtonpost.com,9058031861
3703 Scott Pass,Jeffry Macklin,486,jmacklindh@redcross.org,7866367499
94 Sage Point,Reine Jerrard,487,rjerrarddi@ebay.co.uk,1187698439
848 4th Road,Merwin Hayland,488,mhaylanddj@go.com,6895227453
81 Knutson Way,Myrilla Leadbitter,489,mleadbitterdk@howstuffworks.com,7431598195
104 Claremont Park,Briggs Getch,490,bgetchdl@jugem.jp,3477164221
56 Longview Terrace,Sharona Cristofari,491,scristofaridm@nasa.gov,2947984295
6141 Westerfield Lane,Geno Growy,492,ggrowydn@marriott.com,2851165065
0146 Tony Street,Hillery O'Carrol,493,hocarroldo@behance.net,4284632866
4027 Dovetail Pass,Zachariah Griswood,494,zgriswooddp@wordpress.org,3606964550
54 Novick Trail,Crista Lugton,495,clugtondq@usa.gov,7768847744
404 Moulton Alley,Estelle Calderon,496,ecalderondr@godaddy.com,1507968097
3131 International Street,Waly Kleisle,497,wkleisleds@cocolog-nifty.com,9862108781
0 Packers Drive,Emory Wedlake,498,ewedlakedt@networkadvertising.org,3212246736
98294 Golden Leaf Park,Jordan Izakov,499,jizakovdu@scientificamerican.com,3248313111
1253 Mosinee Junction,Randal Bedburrow,500,rbedburrowdv@biblegateway.com,4442831764
